<?xml version="1.0" encoding="UTF-8"?>
<project-private xmlns="http://www.netbeans.org/ns/project-private/1">
    <editor-bookmarks xmlns="http://www.netbeans.org/ns/editor-bookmarks/2" lastBookmarkId="0"/>
    <open-files xmlns="http://www.netbeans.org/ns/projectui-open-files/2">
        <group>
            <file>file:/C:/Users/user/Documents/NetBeansProjects/Inventory%20Management%20System/src/pharmacy/SignUp.java</file>
            <file>file:/C:/Users/user/Documents/NetBeansProjects/Inventory%20Management%20System/src/pharmacy/ExpireDateChecker.java</file>
            <file>file:/C:/Users/user/Documents/NetBeansProjects/Inventory%20Management%20System/src/now.java</file>
            <file>file:/C:/Users/user/Documents/NetBeansProjects/Inventory%20Management%20System/src/pharmacy/logo.png</file>
            <file>file:/C:/Users/user/Documents/NetBeansProjects/Inventory%20Management%20System/src/pharmacy/Customer.java</file>
            <file>file:/C:/Users/user/Documents/NetBeansProjects/Inventory%20Management%20System/src/pharmacy/logIN.java</file>
            <file>file:/C:/Users/user/Documents/NetBeansProjects/Inventory%20Management%20System/src/pharmacy/parentClass.java</file>
            <file>file:/C:/Users/user/Documents/NetBeansProjects/Inventory%20Management%20System/src/pharmacy/admin.java</file>
            <file>file:/C:/Users/user/Documents/NetBeansProjects/Inventory%20Management%20System/src/pharmacy/SplashScreen.java</file>
        </group>
    </open-files>
</project-private>
